customer_id,age,gender,country,signup_date,last_purchase_date,num_orders,total_spent,avg_order_value,recency_days,is_premium_member,device_type,preferred_category,churned
10001,56.0,Male,India,2022-01-27,2024-04-27,10,13273.25,1327.32,522,0,,Home,0
10002,69.0,Other,UK,2025-01-12,2025-08-01,10,,308.9,61,0,Mobile,Grocery,0
10003,46.0,Female,USA,2021-04-25,2021-06-01,5,3411.83,682.37,1583,0,,,0
10004,32.0,Male,India,2021-02-23,2023-09-22,5,4502.0,900.4,740,0,,,0
10005,60.0,Female,India,2021-06-07,2021-12-11,7,3842.1,548.87,1390,0,Tablet,Books,0
10006,25.0,Female,,2021-12-04,2024-11-18,5,5741.74,1148.35,317,1,Desktop,Sports,0
10007,38.0,Female,India,2024-01-04,2024-01-23,2,0.0,0.0,617,0,Mobile,Fashion,1
10008,56.0,Male,Australia,2022-06-29,2023-03-28,3,5651.3,1883.77,918,0,Desktop,Fashion,0
10009,36.0,Male,India,2020-11-20,2024-01-06,10,21143.18,2114.32,634,0,Mobile,Electronics,0
10010,40.0,Female,India,2024-06-30,2024-09-08,7,14698.44,2099.78,388,0,Desktop,Home,0
10011,,Female,India,2023-01-07,2024-06-05,4,2627.48,656.87,483,0,Mobile,Grocery,0
10012,,Female,Germany,2022-03-08,2025-08-03,6,11266.42,1877.74,59,0,Mobile,Books,0
10013,41.0,Male,Australia,2023-11-02,2025-04-10,9,5920.03,657.78,174,0,Mobile,Books,0
10014,53.0,Female,Germany,2024-12-04,2024-12-06,4,,719.6,299,1,Desktop,Electronics,0
10015,57.0,Female,UK,2021-06-30,2022-05-31,9,4969.91,552.21,1219,0,Mobile,Books,0
10016,41.0,Male,India,2021-05-12,2023-04-09,9,12739.01,1415.45,906,0,Mobile,Home,0
10017,,Male,India,2022-05-09,2025-04-21,10,16042.63,1604.26,163,0,Mobile,Electronics,0
10018,39.0,Female,Australia,2022-09-02,2024-01-14,8,6549.74,818.72,626,0,Mobile,Home,0
10019,19.0,Female,Germany,2024-03-27,2025-09-13,5,0.0,0.0,18,1,Mobile,Electronics,0
10020,41.0,Male,USA,2024-12-18,2025-05-28,6,10555.9,1759.32,126,1,Mobile,Books,0
10021,61.0,Male,Germany,2022-06-29,2024-02-12,4,8870.55,2217.64,597,0,Mobile,Electronics,0
10022,47.0,Male,UK,2024-01-20,2024-06-26,4,0.0,0.0,462,1,Mobile,Fashion,0
10023,55.0,Male,USA,2022-12-31,2023-07-06,10,90530.16,9053.02,818,1,Mobile,Grocery,0
10024,19.0,Female,Australia,2025-08-27,2025-09-14,4,5284.79,1321.2,17,1,Mobile,Books,0
10025,38.0,Female,Canada,2023-09-19,2024-08-02,4,5780.18,1445.04,425,0,Mobile,Sports,0
10026,50.0,,USA,2020-12-02,2021-06-30,7,2724.97,389.28,1554,0,Tablet,Grocery,0
10027,29.0,Female,UK,2024-10-14,2025-03-14,3,9162.84,3054.28,201,0,Mobile,Books,0
10028,39.0,Female,,2021-02-05,2024-03-13,8,,832.31,567,1,Desktop,Grocery,0
10029,61.0,Female,USA,2025-07-21,2025-08-19,8,,1252.71,43,0,Desktop,,0
10030,42.0,Female,India,2023-12-24,2024-11-01,7,3893.57,556.22,334,0,Mobile,Grocery,0
10031,66.0,Male,USA,2021-12-25,2024-09-17,5,6972.29,1394.46,379,0,Mobile,Electronics,0
10032,44.0,Male,Australia,2022-10-04,2025-04-17,4,0.0,0.0,167,0,Desktop,Grocery,0
10033,59.0,Female,USA,2024-08-03,2025-07-24,0,0.0,0.0,69,0,Mobile,Books,0
10034,45.0,Female,India,2023-01-07,2024-12-10,4,8054.74,2013.68,295,1,Mobile,Sports,0
10035,33.0,Male,India,2023-10-25,2023-11-12,2,1591.56,795.78,689,0,Mobile,Sports,1
10036,32.0,Female,India,2020-10-23,2021-12-28,4,1169.01,292.25,1373,1,Mobile,Home,0
10037,64.0,,UK,2024-03-20,2025-03-04,8,9283.42,1160.43,211,0,Desktop,Grocery,0
10038,68.0,Male,India,2023-06-27,2023-12-26,5,7647.95,1529.59,645,0,Mobile,Sports,0
10039,61.0,Female,India,2021-03-11,2021-07-01,8,8058.99,1007.37,1553,0,Mobile,Grocery,0
10040,69.0,Other,India,2023-02-19,2023-08-20,6,7301.4,1216.9,773,0,Mobile,Sports,0
10041,20.0,Other,Germany,2024-05-03,2025-08-26,4,8144.12,2036.03,36,0,Mobile,Grocery,0
10042,54.0,Male,UK,2024-07-31,2024-12-23,9,6909.37,767.71,282,0,Mobile,Books,0
10043,68.0,Female,India,2021-06-22,2023-09-30,6,68591.39,11431.9,732,0,Mobile,Grocery,0
10044,24.0,Female,India,2025-04-25,2025-08-18,6,15568.16,2594.69,44,1,Desktop,Books,0
10045,38.0,Female,India,2025-05-06,2025-08-26,4,1536.72,384.18,36,0,Mobile,Books,0
10046,26.0,Other,USA,2023-08-18,2025-09-18,2,0.0,0.0,13,0,Desktop,Home,0
10047,56.0,Female,USA,2022-04-27,2023-08-15,6,5547.64,924.61,778,0,Mobile,Sports,0
10048,35.0,Female,India,2020-12-31,2023-02-01,9,16915.07,1879.45,973,0,Mobile,Electronics,0
10049,21.0,Female,USA,2021-05-30,2025-01-15,3,5016.17,1672.06,259,0,Mobile,Books,0
10050,42.0,Female,India,2025-07-27,2025-09-21,2,3463.82,1731.91,10,0,Mobile,Sports,0
10051,31.0,Male,Canada,2022-12-23,2023-04-19,4,4996.53,1249.13,896,0,Mobile,Fashion,0
10052,67.0,,India,2024-09-16,2025-07-13,7,7548.23,1078.32,80,0,Mobile,Grocery,0
10053,26.0,Male,India,2025-08-05,2025-09-06,4,1987.46,496.86,25,0,,Fashion,0
10054,43.0,Female,India,2022-03-29,2023-05-03,4,6649.49,1662.37,882,1,Desktop,Grocery,0
10055,19.0,Male,USA,2024-10-25,2025-05-10,8,6640.24,830.03,144,0,Mobile,Home,0
10056,37.0,Female,Germany,2022-08-05,2024-05-25,5,6214.05,1242.81,494,0,Mobile,Books,0
10057,45.0,Male,India,2023-10-06,2023-11-21,8,12047.97,1506.0,680,1,Mobile,Electronics,0
10058,64.0,Female,USA,2022-06-24,2023-07-27,4,,0.0,797,0,Mobile,,0
10059,24.0,Female,UK,2023-08-24,2025-08-02,6,5436.74,906.12,60,0,Mobile,Grocery,0
10060,61.0,Female,India,2024-01-27,2025-08-07,6,6839.7,1139.95,55,0,Mobile,Electronics,0
10061,25.0,Male,India,2022-05-18,2022-08-03,3,5803.2,1934.4,1155,0,Desktop,Books,0
10062,64.0,Female,Canada,2024-10-13,2025-02-13,7,1275.39,182.2,230,0,Desktop,Electronics,0
10063,52.0,Female,,2021-08-29,2021-11-11,8,13380.73,1672.59,1420,0,Mobile,Grocery,0
10064,31.0,,India,2020-10-06,2021-02-19,11,13618.83,1238.08,1685,1,Mobile,Home,0
10065,34.0,Female,Australia,2025-06-08,2025-09-05,8,13989.35,1748.67,26,1,Mobile,Home,0
10066,53.0,Female,India,2022-03-24,2024-07-07,3,1541.66,513.89,451,0,Desktop,Books,0
10067,67.0,Male,,2023-12-10,2025-04-27,6,5988.35,998.06,157,0,Mobile,Fashion,0
10068,57.0,Female,India,2021-09-27,2023-02-08,3,6513.52,2171.17,966,0,Mobile,Grocery,0
10069,,Male,Australia,2021-06-13,2021-10-28,6,5685.76,947.63,1434,0,Desktop,Books,0
10070,19.0,Male,India,2024-07-06,2024-08-24,9,18550.45,2061.16,403,0,Mobile,,0
10071,23.0,Male,India,2021-08-23,2024-04-21,5,7905.71,1581.14,528,0,Mobile,Home,0
10072,59.0,Male,India,2024-12-19,2025-04-04,2,4273.57,2136.78,180,0,,,0
10073,21.0,Male,India,2022-02-13,2022-10-24,8,14987.4,1873.42,1073,0,Mobile,Grocery,0
10074,46.0,Female,India,2022-12-20,2024-09-09,9,10581.94,1175.77,387,1,Mobile,Electronics,0
10075,35.0,Female,India,2024-11-25,2025-06-10,5,8515.38,1703.08,113,0,Mobile,Sports,0
10076,43.0,Female,USA,2025-03-08,2025-05-27,7,5893.1,841.87,127,1,Mobile,Sports,0
10077,61.0,Female,India,2024-01-23,2025-08-07,7,,529.53,55,1,Mobile,Grocery,0
10078,51.0,Female,India,2024-07-13,2025-03-14,2,5349.8,2674.9,201,0,Desktop,Fashion,1
10079,27.0,Female,India,2023-12-02,2025-01-30,5,7128.38,1425.68,244,1,Mobile,Sports,0
10080,53.0,Male,India,2024-01-08,2025-07-07,2,1594.4,797.2,86,0,Mobile,Home,0
10081,31.0,Male,India,2025-08-08,2025-09-22,9,10602.61,1178.07,9,0,Mobile,Fashion,0
10082,48.0,Male,UK,2023-04-04,2024-11-04,10,20517.18,2051.72,331,0,Desktop,Books,0
10083,65.0,Male,India,2022-12-01,2023-01-18,6,3585.91,597.65,987,0,Desktop,Sports,0
10084,32.0,Female,India,2023-12-15,2024-02-26,6,9200.96,1533.49,583,0,Mobile,Home,0
10085,,Male,India,2021-11-08,2023-10-12,13,19396.93,1492.07,720,0,Mobile,Books,0
10086,31.0,Female,Canada,2021-03-05,2021-11-20,10,12055.9,1205.59,1411,0,Desktop,Fashion,0
10087,40.0,Other,UK,2023-01-26,2024-01-16,5,5336.92,1067.38,624,0,Mobile,Grocery,0
10088,57.0,Female,USA,2024-05-05,2025-01-19,8,14338.43,1792.3,255,0,,Books,0
10089,38.0,Male,India,2021-02-25,2022-11-24,7,5785.66,826.52,1042,0,Desktop,Electronics,0
10090,33.0,Male,Canada,2021-06-19,2023-07-01,7,7276.69,1039.53,823,0,Mobile,Grocery,0
10091,62.0,Female,India,2025-02-07,2025-03-17,5,,717.2,198,0,Tablet,Grocery,0
10092,35.0,Female,India,2022-03-09,2024-12-12,4,3192.89,798.22,293,0,Desktop,Fashion,0
10093,64.0,Male,India,2024-10-19,2025-02-24,6,4700.52,783.42,219,0,Mobile,Fashion,0
10094,41.0,Female,India,2024-01-14,2024-11-21,4,2006.15,501.54,314,1,Desktop,Home,0
10095,43.0,Male,Australia,2022-08-31,2024-05-03,7,3973.2,567.6,516,0,Desktop,Home,0
10096,42.0,Male,Germany,2024-01-11,2024-07-10,4,5519.29,1379.82,448,0,Mobile,Electronics,0
10097,62.0,Male,India,2021-07-14,2023-05-30,6,6789.54,1131.59,855,0,Mobile,Grocery,0
10098,58.0,Male,USA,2022-04-09,2022-10-13,5,1848.76,369.75,1084,1,Mobile,Electronics,0
10099,46.0,Other,Australia,2024-10-03,2024-11-28,5,1319.01,263.8,307,0,Mobile,Electronics,0
10100,32.0,Female,Canada,2024-11-15,2024-12-15,3,2915.11,971.7,290,0,Desktop,Fashion,0
10101,,Male,USA,2021-03-20,2025-08-25,4,4505.44,1126.36,37,0,Mobile,Electronics,0
10102,18.0,Female,Canada,2024-12-20,2025-05-20,10,11909.4,1190.94,134,0,Mobile,Electronics,0
10103,42.0,,Australia,2025-05-06,2025-06-10,8,7348.12,918.52,113,0,Mobile,Books,0
10104,24.0,Female,UK,2022-09-20,2024-09-13,2,2108.47,1054.23,383,0,Desktop,Home,1
10105,26.0,Male,,2024-08-22,2025-08-20,7,4286.05,612.29,42,1,Mobile,Home,0
10106,41.0,Male,India,2023-01-28,2024-10-06,2,4657.91,2328.96,360,0,Mobile,Grocery,1
10107,18.0,Male,Canada,2024-07-03,2025-08-20,6,,1158.77,42,0,Mobile,Home,0
10108,61.0,Male,India,2020-11-30,2024-08-26,6,7505.56,1250.93,401,1,,Sports,0
10109,25.0,Male,Canada,2023-07-25,2024-02-29,3,3959.11,1319.7,580,0,Mobile,Grocery,0
10110,41.0,Female,India,2022-07-05,2024-12-23,3,,896.23,282,1,Mobile,Books,0
10111,28.0,Male,India,2022-12-24,2023-06-04,11,15131.63,1375.6,850,0,Mobile,Home,0
10112,68.0,Male,India,2023-08-10,2024-03-16,7,9926.08,1418.01,564,1,Mobile,Books,0
10113,34.0,Male,India,2024-06-29,2025-03-25,8,8422.14,1052.77,190,0,Desktop,Home,0
10114,25.0,Male,Australia,2021-06-11,2023-03-04,7,2654.02,379.15,942,1,Mobile,Home,0
10115,52.0,Male,Canada,2021-07-31,2024-01-22,3,7926.76,2642.25,618,1,Mobile,Books,0
10116,52.0,Male,Germany,2023-09-25,2024-10-28,4,5887.67,1471.92,338,0,Mobile,Electronics,0
10117,50.0,Male,USA,2024-05-11,2024-11-08,4,3640.07,910.02,327,0,Mobile,Electronics,0
10118,22.0,Male,India,2021-02-27,2025-08-26,6,5459.03,909.84,36,0,Mobile,Electronics,0
10119,59.0,Male,India,2024-06-08,2025-01-10,5,8290.35,1658.07,264,1,Mobile,Sports,0
10120,56.0,Female,USA,2021-02-18,2021-09-10,11,5255.45,477.77,1482,0,Mobile,Electronics,0
10121,58.0,Male,India,2025-06-10,2025-08-18,10,15813.99,1581.4,44,0,Mobile,Home,0
10122,45.0,Male,India,2023-09-14,2025-03-22,5,977.72,195.54,193,0,Mobile,Fashion,0
10123,24.0,Male,India,2021-05-14,2023-09-01,1,0.0,0.0,761,0,Desktop,Books,1
10124,26.0,Female,India,2024-10-06,2025-08-02,5,1400.25,280.05,60,0,Mobile,Fashion,0
10125,25.0,Male,,2024-10-26,2025-06-10,4,6949.59,1737.4,113,1,Mobile,Sports,0
10126,,Female,Canada,2023-08-24,2025-07-19,4,6671.99,1668.0,74,0,Mobile,Fashion,0
10127,51.0,Female,India,2023-09-02,2025-05-12,7,12777.09,1825.3,142,1,Mobile,Grocery,0
10128,50.0,Male,USA,2023-02-06,2024-09-23,9,18116.98,2013.0,373,0,Mobile,Electronics,0
10129,,Female,,2024-07-10,2025-06-12,4,8351.2,2087.8,111,0,Mobile,Sports,0
10130,40.0,Female,India,2023-06-20,2024-02-24,6,24921.45,4153.58,585,0,Mobile,Home,0
10131,41.0,Male,Canada,2022-06-16,2024-11-06,6,5068.72,844.79,329,0,Mobile,Electronics,0
10132,,Male,Canada,2021-01-10,2025-01-13,5,2588.43,517.69,261,1,Mobile,Electronics,0
10133,52.0,Female,India,2021-11-01,2022-05-15,8,10264.39,1283.05,1235,1,Desktop,Fashion,0
10134,61.0,Female,India,2021-02-15,2023-01-05,6,10907.08,1817.85,1000,0,,Grocery,0
10135,57.0,Other,India,2022-05-31,2025-05-28,4,,280.55,126,0,Mobile,Electronics,0
10136,39.0,Male,India,2021-09-03,2023-06-03,7,1503.48,214.78,851,0,Desktop,Books,0
10137,44.0,Female,India,2024-11-25,2025-05-03,5,10255.22,2051.04,151,1,Mobile,Books,0
10138,52.0,Male,Canada,2025-01-13,2025-09-17,2,1259.04,629.52,14,1,Mobile,Electronics,0
10139,18.0,Female,India,2021-10-20,2025-02-27,2,0.0,0.0,216,1,Mobile,Fashion,1
10140,52.0,Female,India,2024-08-22,2025-01-16,10,7441.11,744.11,258,0,Mobile,Fashion,0
10141,54.0,Male,Australia,2025-05-12,2025-09-08,10,12100.94,1210.09,23,0,Mobile,Home,0
10142,,Male,,2024-10-25,2025-03-15,7,11870.4,1695.77,200,0,Desktop,Sports,0
10143,31.0,,India,2022-01-31,2025-09-28,6,,855.59,3,0,Mobile,Sports,0
10144,20.0,Male,India,2022-09-03,2023-02-14,6,7445.86,1240.98,960,0,Mobile,Sports,0
10145,18.0,Male,India,2025-01-31,2025-03-29,6,2970.11,495.02,186,0,Desktop,Grocery,0
10146,22.0,Female,UK,2024-05-30,2024-06-19,8,8492.45,1061.56,469,0,Desktop,Fashion,0
10147,43.0,Female,India,2025-09-20,2025-09-21,4,4074.47,1018.62,10,1,Mobile,Home,0
10148,31.0,Female,India,2022-04-18,2025-06-15,3,1031.51,343.84,108,1,Mobile,Books,0
10149,56.0,Female,Australia,2024-03-20,2025-01-18,6,13982.63,2330.44,256,0,Mobile,Sports,0
10150,44.0,Female,India,2025-08-21,2025-09-08,7,4190.5,598.64,23,0,Mobile,Books,0
10151,26.0,Female,Canada,2023-11-24,2024-11-28,7,6982.69,997.53,307,0,Mobile,Books,0
10152,32.0,Female,Australia,2024-02-16,2025-03-05,2,2538.47,1269.23,210,1,Mobile,Electronics,1
10153,32.0,Male,India,2021-10-10,2022-12-28,6,7472.3,1245.38,1008,1,Desktop,Grocery,0
10154,43.0,Male,Canada,2022-07-08,2023-09-05,8,17523.65,2190.46,757,1,Mobile,Home,0
10155,59.0,Male,India,2022-05-11,2022-10-18,11,8571.54,779.23,1079,1,Mobile,,0
10156,30.0,Male,Canada,2021-02-11,2024-05-27,8,6381.66,797.71,492,0,Mobile,Electronics,0
10157,68.0,Male,USA,2021-09-07,2023-05-28,9,13277.2,1475.24,857,0,Mobile,Home,0
10158,49.0,Male,USA,2025-05-21,2025-09-24,5,7120.96,1424.19,7,0,Mobile,Home,0
10159,56.0,Female,India,2022-10-07,2024-02-08,4,6608.8,1652.2,601,0,Mobile,Fashion,0
10160,66.0,Female,Canada,2022-12-06,2025-09-17,10,5233.71,523.37,14,1,Desktop,Grocery,0
10161,69.0,Male,UK,2023-02-27,2024-01-19,5,6219.5,1243.9,621,0,Mobile,Grocery,0
10162,49.0,Male,India,2021-07-05,2023-02-22,2,2072.54,1036.27,952,0,Mobile,Fashion,1
10163,21.0,Male,Canada,2025-07-21,2025-08-22,9,3431.49,381.28,40,0,Mobile,Books,0
10164,47.0,Female,India,2024-08-29,2024-11-17,8,8358.45,1044.81,318,1,Mobile,Electronics,0
10165,54.0,Male,India,2021-11-03,2023-05-29,6,3417.41,569.57,856,0,Mobile,Grocery,0
10166,40.0,Female,India,2021-02-06,2024-11-14,3,3307.69,1102.56,321,0,Desktop,Fashion,0
10167,56.0,Male,India,2024-03-03,2024-03-30,3,5017.62,1672.54,550,0,Tablet,Home,0
10168,,Female,India,2023-05-27,2023-07-08,8,8135.6,1016.95,816,0,Mobile,Sports,0
10169,32.0,Other,Australia,2025-05-25,2025-08-18,4,7327.62,1831.9,44,0,Mobile,Fashion,0
10170,60.0,Male,India,2023-03-16,2023-09-08,3,,899.87,754,1,Desktop,Sports,0
10171,46.0,Female,UK,2021-09-03,2023-02-13,4,3006.07,751.52,961,0,Mobile,Books,0
10172,53.0,Female,India,2022-05-21,2025-01-10,6,8370.9,1395.15,264,1,Mobile,Electronics,0
10173,30.0,Female,Canada,2020-10-16,2024-12-11,5,10087.81,2017.56,294,0,Mobile,Sports,0
10174,49.0,Male,Australia,2020-11-05,2021-05-21,7,8980.55,1282.94,1594,0,Desktop,Books,0
10175,,Female,India,2025-01-09,2025-04-16,10,17089.84,1708.98,168,1,Mobile,Sports,0
10176,68.0,Female,Canada,2021-06-24,2023-10-13,8,9561.88,1195.23,719,0,Desktop,Home,0
10177,39.0,Female,India,2023-08-01,2024-12-29,7,5529.24,789.89,276,0,Desktop,Home,0
10178,45.0,Female,Germany,2025-01-22,2025-01-23,5,4952.73,990.55,251,1,Mobile,Home,0
10179,19.0,Female,India,2023-07-03,2023-07-24,5,6319.1,1263.82,800,0,Desktop,Home,0
10180,59.0,Other,Canada,2022-02-27,2025-04-07,6,9064.69,1510.78,177,1,Desktop,Fashion,0
10181,62.0,Female,India,2025-04-21,2025-06-16,6,8379.58,1396.6,107,0,Mobile,Home,0
10182,23.0,Female,USA,2025-06-29,2025-09-02,3,1975.76,658.59,29,0,Mobile,Home,0
10183,45.0,Female,Germany,2020-10-22,2023-02-10,7,13006.23,1858.03,964,0,Mobile,Fashion,0
10184,45.0,Male,India,2023-06-22,2023-09-27,4,4198.07,1049.52,735,1,Mobile,Home,0
10185,61.0,Female,India,2022-08-25,2023-11-02,7,7573.61,1081.94,699,0,Mobile,Books,0
10186,61.0,Female,India,2024-10-31,2025-03-04,6,4557.19,759.53,211,1,Mobile,Books,0
10187,37.0,,,2023-07-03,2025-05-11,7,6045.51,863.64,143,1,Mobile,Grocery,0
10188,47.0,Female,USA,2025-02-06,2025-05-02,4,3283.38,820.84,152,0,Desktop,Books,0
10189,28.0,Male,India,2024-09-16,2024-11-30,3,4638.69,1546.23,305,0,Mobile,Electronics,0
10190,45.0,Female,India,2021-10-03,2022-09-11,4,0.0,0.0,1116,0,Mobile,Electronics,0
10191,42.0,Female,India,2023-04-17,2024-02-04,6,11323.07,1887.18,605,0,Mobile,Electronics,0
10192,56.0,Female,Germany,2024-06-06,2025-08-23,5,3155.33,631.07,39,0,Mobile,Fashion,0
10193,50.0,Male,India,2023-04-14,2024-11-04,5,7303.34,1460.67,331,0,Mobile,Books,0
10194,18.0,Female,India,2022-11-18,2024-07-20,12,16493.51,1374.46,438,1,Mobile,Electronics,0
10195,44.0,Female,India,2021-02-28,2021-10-28,6,13244.09,2207.35,1434,1,Mobile,Grocery,0
10196,69.0,Male,India,2022-08-18,2024-02-29,4,3693.09,923.27,580,1,Desktop,Fashion,0
10197,30.0,Male,Canada,2024-06-07,2025-08-28,6,8274.03,1379.0,34,1,Desktop,Grocery,0
10198,58.0,Female,,2021-11-16,2021-12-17,6,1975.64,329.27,1384,0,Mobile,Books,0
10199,20.0,Male,India,2023-03-30,2024-04-23,9,7377.26,819.7,526,0,Desktop,Home,0
10200,,,Germany,2023-01-12,2023-10-15,9,2544.02,282.67,717,1,Desktop,Grocery,0
10201,23.0,Female,Germany,2023-02-11,2024-07-26,5,9446.12,1889.22,432,0,Mobile,Home,0
10202,25.0,Male,India,2024-04-13,2024-09-13,7,8821.02,1260.15,383,1,Tablet,Fashion,0
10203,44.0,Female,Germany,2022-09-25,2023-10-12,10,9799.82,979.98,720,0,Desktop,Grocery,0
10204,26.0,Male,Australia,2021-05-12,2024-05-07,2,3630.38,1815.19,512,0,Mobile,Grocery,1
10205,54.0,Female,India,2022-06-23,2024-11-22,5,4314.38,862.88,313,1,Mobile,Sports,0
10206,50.0,Male,Germany,2022-12-01,2023-07-02,5,5751.77,1150.35,822,1,Mobile,Fashion,0
10207,68.0,Female,UK,2020-10-04,2025-05-09,5,549.41,109.88,145,0,Mobile,Fashion,0
10208,59.0,Male,India,2025-05-27,2025-09-23,7,7035.28,1005.04,8,1,Desktop,Electronics,0
10209,61.0,Female,India,2021-04-14,2023-04-27,4,5793.75,1448.44,888,0,Mobile,Books,0
10210,41.0,Male,India,2025-07-02,2025-09-24,7,10365.99,1480.86,7,0,Desktop,Grocery,0
10211,32.0,Female,Canada,2021-02-28,2021-05-17,4,0.0,0.0,1598,1,Desktop,Grocery,0
10212,49.0,Female,Australia,2024-04-07,2025-04-22,8,6877.04,859.63,162,0,Mobile,Fashion,0
10213,49.0,Other,UK,2023-06-09,2025-04-18,5,8851.35,1770.27,166,0,Mobile,Fashion,0
10214,41.0,Female,India,2021-06-29,2021-08-25,7,26014.800000000003,3716.4,1498,0,Mobile,Books,0
10215,58.0,,USA,2021-02-23,2024-01-08,5,6428.89,1285.78,632,0,Mobile,Fashion,0
10216,69.0,,USA,2023-01-17,2025-06-15,8,15140.27,1892.53,108,0,Mobile,Home,0
10217,66.0,Male,India,2024-07-12,2024-09-15,5,6706.62,1341.32,381,0,Mobile,Home,0
10218,66.0,Male,India,2024-09-07,2025-05-12,3,,1579.06,142,0,Mobile,Sports,0
10219,69.0,Male,Canada,2023-11-30,2024-08-09,8,9176.09,1147.01,418,1,Desktop,Home,0
10220,29.0,Female,India,2025-08-20,2025-08-22,12,114269.34999999999,9522.45,40,0,Mobile,Home,0
10221,56.0,Female,Germany,2025-01-21,2025-08-08,10,12761.98,1276.2,54,1,Mobile,Books,0
10222,19.0,Male,India,2022-08-05,2025-07-07,3,6268.95,2089.65,86,0,Mobile,Grocery,0
10223,20.0,Female,India,2022-10-14,2025-07-21,3,3140.35,1046.78,72,0,Desktop,,0
10224,66.0,Male,India,2023-12-09,2024-07-22,9,15601.44,1733.49,436,0,Mobile,,0
10225,54.0,Male,India,2024-06-22,2025-03-10,7,78581.72,11225.96,205,0,Mobile,Fashion,0
10226,66.0,Male,Australia,2024-12-19,2025-06-03,4,3998.88,999.72,120,0,Desktop,Home,0
10227,34.0,Male,India,2022-12-26,2024-03-05,5,8953.0,1790.6,575,0,,Sports,0
10228,66.0,Female,Canada,2021-07-14,2023-03-06,3,1561.24,520.41,940,0,Mobile,Books,0
10229,19.0,Female,India,2021-09-02,2022-09-15,4,5305.06,1326.26,1112,0,Mobile,Fashion,0
10230,19.0,Female,Canada,2023-08-16,2024-02-09,5,2154.85,430.97,600,0,Desktop,Sports,0
10231,45.0,Male,India,2024-10-22,2025-05-06,4,,913.16,148,0,Mobile,Home,0
10232,40.0,Male,Canada,2023-12-30,2024-10-31,4,3906.0,976.5,335,0,Mobile,Grocery,0
10233,54.0,Male,Germany,2024-09-15,2025-06-08,8,,522.55,115,1,Mobile,,0
10234,49.0,Female,India,2020-10-25,2022-03-12,7,10426.84,1489.55,1299,0,Tablet,Fashion,0
10235,50.0,Male,India,2023-11-12,2024-08-05,4,1913.24,478.31,422,0,Mobile,Grocery,0
10236,18.0,Female,Canada,2022-04-04,2022-04-11,5,4790.79,958.16,1269,0,Mobile,Fashion,0
10237,36.0,Other,Australia,2022-10-18,2024-03-08,6,12081.39,2013.56,572,1,Desktop,Home,0
10238,19.0,Female,India,2021-09-06,2022-12-25,4,1234.94,308.74,1011,0,Mobile,Fashion,0
10239,61.0,Female,UK,2024-07-02,2025-04-24,3,2921.31,973.77,160,1,Tablet,Home,0
10240,43.0,Male,Canada,2023-01-23,2023-07-05,7,11520.44,1645.78,819,0,Desktop,Grocery,0
10241,,Female,Canada,2025-07-11,2025-09-20,9,9787.42,1087.49,11,1,Desktop,Electronics,0
10242,23.0,Female,Australia,2022-09-05,2024-03-24,9,8962.63,995.85,556,1,Mobile,Grocery,0
10243,49.0,Female,,2025-05-06,2025-09-19,7,8067.7,1152.53,12,1,Mobile,Home,0
10244,21.0,Male,India,2022-01-18,2023-07-30,7,8736.67,1248.1,794,0,Desktop,Books,0
10245,28.0,Male,India,2022-07-10,2023-03-04,7,6829.84,975.69,942,0,Tablet,Grocery,0
10246,34.0,Male,India,2025-03-26,2025-07-07,9,7848.91,872.1,86,0,Mobile,Books,0
10247,55.0,Female,UK,2021-08-06,2024-12-21,6,5090.95,848.49,284,0,Desktop,Books,0
10248,41.0,Female,UK,2023-05-03,2024-11-06,3,4410.13,1470.04,329,1,Mobile,Home,0
10249,22.0,Female,India,2025-01-12,2025-09-27,7,,1506.94,4,0,Mobile,,0
10250,69.0,Male,Canada,2022-09-24,2023-07-03,2,1729.97,864.98,821,0,Mobile,Electronics,1
10251,51.0,Female,UK,2024-08-28,2024-12-19,3,4962.97,1654.32,286,0,Desktop,Sports,0
10252,23.0,Male,USA,2023-08-30,2023-10-08,5,7131.5,1426.3,724,0,Mobile,Fashion,0
10253,39.0,Male,India,2024-02-01,2025-05-31,5,6355.0,1271.0,123,0,Mobile,,0
10254,28.0,Male,India,2022-03-28,2024-10-11,6,7735.96,1289.33,355,1,Tablet,Home,0
10255,65.0,Female,India,2020-11-01,2021-06-08,8,10418.36,1302.3,1576,0,Mobile,Grocery,0
10256,33.0,Male,India,2021-04-07,2024-06-02,5,6533.98,1306.8,486,0,Mobile,Sports,0
10257,50.0,Female,India,2021-06-09,2024-03-19,6,3431.58,571.93,561,0,Mobile,Sports,0
10258,26.0,Female,India,2023-08-09,2025-01-09,7,7069.02,1009.86,265,0,Mobile,Books,0
10259,23.0,Male,India,2025-06-23,2025-07-24,0,0.0,0.0,69,0,Mobile,Fashion,0
10260,33.0,Female,India,2021-12-19,2023-11-06,3,2920.05,973.35,695,0,Desktop,Electronics,0
10261,46.0,Male,India,2021-11-28,2023-08-02,7,11100.98,1585.85,791,1,Mobile,Grocery,0
10262,20.0,Male,Germany,2023-07-05,2024-03-20,4,2791.36,697.84,560,1,Desktop,Fashion,0
10263,37.0,,India,2022-05-06,2025-01-19,7,5348.24,764.03,255,1,,Electronics,0
10264,53.0,,,2023-07-05,2024-07-04,7,2246.86,320.98,454,0,Mobile,Grocery,0
10265,36.0,Female,Australia,2024-08-08,2025-04-10,10,13990.99,1399.1,174,1,Mobile,Fashion,0
10266,43.0,Male,India,2025-05-31,2025-06-18,3,2759.68,919.89,105,1,Mobile,Home,0
10267,20.0,Female,India,2024-08-06,2024-09-06,4,3263.28,815.82,390,1,Mobile,Grocery,0
10268,36.0,Female,India,2022-04-26,2024-02-03,4,7031.45,1757.86,606,0,Mobile,Fashion,0
10269,37.0,Female,USA,2021-01-22,2025-04-18,6,0.0,0.0,166,1,Mobile,Sports,0
10270,49.0,Female,USA,2022-10-11,2025-01-01,9,12415.19,1379.47,273,1,Mobile,Electronics,0
10271,24.0,Female,India,2021-08-15,2024-06-19,7,6790.4,970.06,469,1,Mobile,Fashion,0
10272,69.0,Male,USA,2021-03-25,2024-05-20,5,815.98,163.2,499,0,Mobile,Home,0
10273,58.0,Male,India,2021-01-09,2022-08-06,6,4149.91,691.65,1152,1,Desktop,Grocery,0
10274,50.0,Female,India,2021-05-18,2024-06-23,5,6143.93,1228.79,465,1,Mobile,Grocery,0
10275,57.0,Female,USA,2023-08-26,2025-02-08,6,,815.55,235,0,Mobile,Grocery,0
10276,56.0,Male,India,2024-06-06,2024-11-10,6,,1799.31,325,0,Desktop,Home,0
10277,35.0,Female,USA,2024-05-01,2025-01-24,9,12076.89,1341.88,250,1,Desktop,Electronics,0
10278,57.0,Male,India,2025-04-30,2025-05-03,4,8526.87,2131.72,151,0,Mobile,Grocery,0
10279,18.0,Female,Australia,2025-07-02,2025-07-29,7,0.0,0.0,64,0,Mobile,Electronics,0
10280,28.0,Male,India,2023-01-24,2023-05-05,5,4981.73,996.35,880,0,Mobile,Fashion,0
10281,45.0,Male,India,2021-07-05,2025-09-11,5,6374.1,1274.82,20,1,Mobile,Sports,0
10282,42.0,Male,UK,2024-07-04,2025-02-11,7,6244.37,892.05,232,0,Desktop,,0
10283,67.0,Female,India,2020-12-02,2025-04-14,6,2717.76,452.96,170,0,Desktop,Electronics,0
10284,40.0,Female,Australia,2024-02-12,2024-10-15,8,5554.0,694.25,351,0,Mobile,Electronics,0
10285,48.0,Male,,2021-03-08,2025-09-26,5,7777.19,1555.44,5,1,Tablet,Sports,0
10286,47.0,Female,USA,2024-05-10,2025-02-16,6,7254.48,1209.08,227,0,Mobile,Grocery,0
10287,59.0,Male,Germany,2022-06-13,2022-10-21,6,10163.08,1693.85,1076,1,Mobile,Books,0
10288,52.0,Female,Australia,2024-09-11,2025-08-29,10,11964.63,1196.46,33,1,Desktop,Books,0
10289,24.0,Male,Canada,2021-05-18,2021-11-29,5,,2454.83,1402,0,Mobile,Home,0
10290,33.0,Male,UK,2020-12-12,2023-06-29,4,5814.06,1453.52,825,0,Desktop,Sports,0
10291,43.0,Female,,2024-08-23,2025-01-23,3,4956.74,1652.25,251,0,,Sports,0
10292,65.0,Other,India,2025-01-29,2025-06-03,6,6137.28,1022.88,120,0,Mobile,Home,0
10293,69.0,Female,India,2023-09-21,2025-06-26,3,8055.41,2685.14,97,0,Mobile,Books,0
10294,66.0,Female,,2021-05-01,2021-12-13,4,10792.72,2698.18,1388,1,Mobile,Fashion,0
10295,19.0,Female,India,2023-12-11,2025-03-30,4,4568.73,1142.18,185,1,Mobile,Grocery,0
10296,18.0,Male,India,2023-12-22,2025-04-11,5,9163.88,1832.78,173,0,Mobile,Grocery,0
10297,65.0,Other,India,2021-08-29,2022-05-20,7,11395.23,1627.89,1230,0,Mobile,Fashion,0
10298,29.0,,India,2021-10-16,2025-08-11,3,3342.99,1114.33,51,0,Desktop,Fashion,0
10299,22.0,Female,Germany,2023-04-15,2024-08-12,5,184.87,36.97,415,0,Mobile,Books,0
10300,54.0,Female,,2025-07-29,2025-09-16,5,5336.03,1067.21,15,0,Mobile,Home,0
10301,49.0,Female,India,2022-11-30,2024-09-05,4,5920.5,1480.12,391,1,Mobile,Fashion,0
10302,26.0,Female,India,2025-03-03,2025-09-29,7,14639.01,2091.29,2,1,Desktop,Home,0
10303,58.0,Male,Canada,2025-02-02,2025-04-02,9,12988.9,1443.21,182,0,Mobile,Electronics,0
10304,52.0,Female,India,2024-05-27,2025-07-28,8,5861.31,732.66,65,1,,Grocery,0
10305,36.0,Male,Canada,2022-05-14,2024-12-11,7,9114.46,1302.07,294,0,Desktop,Books,0
10306,65.0,,India,2021-01-19,2024-11-06,8,13376.31,1672.04,329,1,Mobile,Grocery,0
10307,33.0,Female,India,2024-10-29,2025-05-29,7,9664.61,1380.66,125,0,Mobile,Books,0
10308,20.0,,Australia,2025-04-12,2025-08-20,5,4890.86,978.17,42,0,Desktop,Electronics,0
10309,37.0,Female,India,2023-11-30,2025-07-09,10,8353.58,835.36,84,1,Mobile,Grocery,0
10310,41.0,Female,UK,2025-04-21,2025-05-20,5,9472.73,1894.55,134,0,Tablet,Electronics,0
10311,50.0,Female,Canada,2024-06-24,2025-03-27,4,3935.28,983.82,188,1,Mobile,Books,0
10312,41.0,Female,India,2023-01-11,2023-06-15,5,7294.36,1458.87,839,0,Mobile,Fashion,0
10313,69.0,Male,UK,2024-05-23,2025-01-25,4,1193.76,298.44,249,0,Desktop,Grocery,0
10314,28.0,Female,Australia,2023-11-02,2024-06-06,10,8113.15,811.32,482,0,Mobile,Electronics,0
10315,66.0,Female,India,2024-09-02,2025-03-10,5,6727.65,1345.53,205,0,Desktop,Sports,0
10316,25.0,Male,Canada,2023-10-30,2024-12-19,3,509.39,169.8,286,0,Desktop,Grocery,0
10317,53.0,Female,USA,2024-11-28,2025-05-09,5,8746.97,1749.39,145,0,Desktop,Grocery,0
10318,55.0,Male,USA,2020-11-05,2025-07-17,5,7616.76,1523.35,76,0,Tablet,Grocery,0
10319,57.0,Male,USA,2025-04-02,2025-05-05,10,12522.82,1252.28,149,0,Mobile,Home,0
10320,37.0,Female,India,2024-01-12,2024-02-21,4,8244.91,2061.23,588,1,Desktop,Electronics,0
10321,52.0,Female,Australia,2020-10-10,2021-08-12,8,9558.34,1194.79,1511,0,Mobile,Electronics,0
10322,65.0,Male,Australia,2024-05-10,2025-07-14,10,10488.25,1048.82,79,1,Mobile,Grocery,0
10323,42.0,,USA,2021-01-04,2021-12-07,8,3505.38,438.17,1394,0,Desktop,,0
10324,52.0,Male,Germany,2024-04-04,2025-02-11,9,14575.83,1619.54,232,0,Mobile,Grocery,0
10325,42.0,Male,,2021-05-28,2024-05-30,5,8962.98,1792.6,489,0,Mobile,Home,0
10326,46.0,Male,India,2024-01-17,2024-10-21,8,6407.55,800.94,345,0,Mobile,Books,0
10327,35.0,,USA,2020-11-09,2024-02-21,8,4570.07,571.26,588,0,Mobile,Home,0
10328,63.0,Male,USA,2024-02-16,2024-11-14,11,12977.18,1179.74,321,0,Tablet,Fashion,0
10329,35.0,Female,USA,2023-09-19,2025-05-30,6,6106.87,1017.81,124,0,Mobile,Grocery,0
10330,19.0,Female,Germany,2022-04-30,2024-09-07,7,9224.7,1317.81,389,0,Mobile,Electronics,0
10331,52.0,Male,India,2020-11-28,2023-06-16,10,18490.94,1849.09,838,1,Desktop,Sports,0
10332,33.0,Female,India,2020-12-10,2021-09-24,6,953.2,158.87,1468,0,Mobile,Grocery,0
10333,58.0,Female,India,2021-10-03,2023-09-26,8,,2220.27,736,0,Mobile,Fashion,0
10334,53.0,Male,India,2021-10-17,2024-03-27,1,4829.43,4829.43,553,0,Mobile,Electronics,1
10335,,Female,UK,2024-03-27,2024-12-23,8,12501.75,1562.72,282,1,Mobile,Home,0
10336,21.0,Other,USA,2025-09-11,2025-09-12,4,6255.69,1563.92,19,0,Mobile,Books,0
10337,50.0,Male,USA,2024-03-27,2024-05-31,8,13184.1,1648.01,488,0,Desktop,Books,0
10338,31.0,Male,India,2024-08-31,2025-05-05,9,9399.18,1044.35,149,0,Mobile,Grocery,0
10339,38.0,Female,USA,2024-01-16,2024-06-19,3,4269.17,1423.06,469,0,Desktop,Home,0
10340,65.0,Female,India,2025-06-19,2025-08-04,0,0.0,0.0,58,0,Desktop,Sports,0
10341,37.0,,India,2025-03-24,2025-09-06,5,5346.83,1069.37,25,1,Mobile,Sports,0
10342,25.0,Female,UK,2025-09-15,2025-09-20,6,1363.71,227.28,11,0,Mobile,Fashion,0
10343,24.0,,Canada,2022-08-15,2023-03-03,3,1436.93,478.98,943,0,Mobile,,0
10344,20.0,Female,India,2024-09-04,2025-01-29,3,651.32,217.11,245,0,Mobile,Home,0
10345,34.0,Female,India,2024-08-03,2024-12-04,4,1623.88,405.97,301,0,Desktop,Grocery,0
10346,50.0,Female,,2025-05-26,2025-05-26,5,4767.19,953.44,128,0,Mobile,Electronics,0
10347,65.0,Male,India,2022-08-05,2025-03-29,9,16783.7,1864.86,186,0,Mobile,Grocery,0
10348,29.0,Male,USA,2024-03-09,2024-09-15,2,4768.67,2384.34,381,0,Mobile,Grocery,1
10349,68.0,Female,India,2021-06-01,2022-10-29,5,4002.0,800.4,1068,0,Mobile,Home,0
10350,39.0,,India,2025-09-03,2025-09-28,3,5187.13,1729.04,3,0,Mobile,Books,0
10351,39.0,Male,,2022-09-07,2023-01-27,7,5933.34,847.62,978,1,Mobile,Home,0
10352,63.0,Female,India,2022-12-03,2024-05-18,3,,1442.56,501,0,Mobile,Electronics,0
10353,47.0,Female,India,2025-02-02,2025-09-16,5,4691.48,938.3,15,0,Mobile,Home,0
10354,55.0,Male,India,2025-02-12,2025-04-09,4,3368.53,842.13,175,0,Mobile,Fashion,0
10355,55.0,Female,India,2023-08-05,2025-04-24,6,4080.5,680.08,160,0,Desktop,Grocery,0
10356,62.0,Female,India,2022-03-04,2024-10-07,8,15331.0,1916.38,359,0,Mobile,Books,0
10357,68.0,Female,Canada,2023-10-18,2024-08-14,5,8075.15,1615.03,413,0,Mobile,Sports,0
10358,25.0,Female,India,2023-09-04,2025-06-18,7,,0.0,105,1,Mobile,Electronics,0
10359,44.0,Male,Australia,2023-07-23,2024-10-24,4,3292.58,823.14,342,1,Mobile,Sports,0
10360,44.0,Female,India,2023-08-18,2024-09-21,5,3083.66,616.73,375,0,Desktop,Grocery,0
10361,,Male,Canada,2023-10-07,2025-04-09,6,6948.31,1158.05,175,1,Mobile,Home,0
10362,38.0,Male,USA,2025-03-16,2025-07-30,8,14611.93,1826.49,63,1,Mobile,Sports,0
10363,,Female,UK,2023-03-02,2025-07-15,5,3880.75,776.15,78,0,Desktop,Fashion,0
10364,50.0,Male,Germany,2025-07-15,2025-09-29,5,4113.39,822.68,2,1,Desktop,Home,0
10365,45.0,Male,India,2023-02-19,2023-09-13,7,5957.93,851.13,749,0,Mobile,Grocery,0
10366,64.0,Female,India,2023-05-30,2023-12-25,5,6839.53,1367.91,646,0,Mobile,,0
10367,50.0,Male,India,2022-06-23,2025-08-04,4,4453.02,1113.26,58,0,Desktop,Electronics,0
10368,,Male,USA,2024-06-22,2025-02-01,4,6364.49,1591.12,242,0,Mobile,Sports,0
10369,65.0,,India,2024-02-29,2024-11-05,3,2541.37,847.12,330,0,Desktop,Sports,0
10370,36.0,Female,India,2021-10-23,2022-05-29,6,12821.24,2136.87,1221,0,Desktop,Books,0
10371,21.0,Male,USA,2023-03-07,2024-04-16,8,38015.48,4751.94,533,1,Desktop,Sports,0
10372,52.0,Female,USA,2024-07-10,2025-09-25,7,10637.08,1519.58,6,1,Mobile,Grocery,0
10373,66.0,Female,Germany,2025-07-07,2025-08-21,8,7563.28,945.41,41,1,Desktop,Electronics,0
10374,34.0,Female,USA,2025-06-23,2025-07-30,10,11994.96,1199.5,63,1,Mobile,Grocery,0
10375,61.0,Female,Australia,2022-12-05,2023-04-25,7,4061.58,580.23,890,1,Desktop,Fashion,0
10376,,Other,India,2023-06-10,2025-02-10,8,11766.64,1470.83,233,0,,Home,0
10377,,Female,India,2022-05-27,2023-10-09,10,10773.67,1077.37,723,0,Mobile,Sports,0
10378,,Female,India,2021-07-26,2023-11-12,4,2926.95,731.74,689,0,Mobile,Books,0
10379,63.0,Female,India,2025-07-07,2025-09-06,0,1991.42,0.0,25,1,,Electronics,0
10380,23.0,Male,Canada,2025-08-20,2025-09-23,6,6118.48,1019.75,8,0,Mobile,Books,0
10381,52.0,Male,India,2021-11-23,2023-07-11,8,4246.7,530.84,813,1,Desktop,Books,0
10382,58.0,Female,Germany,2021-04-01,2022-01-06,8,15138.83,1892.35,1364,0,Mobile,Books,0
10383,54.0,Female,India,2021-10-04,2022-12-01,6,7758.5,1293.08,1035,0,Desktop,Sports,0
10384,41.0,Female,USA,2024-08-20,2025-07-29,5,8939.15,1787.83,64,1,Mobile,Electronics,0
10385,46.0,Male,USA,2021-08-17,2022-05-13,10,18908.82,1890.88,1237,0,Mobile,Electronics,0
10386,66.0,Female,India,2023-12-08,2024-05-09,6,27.36,4.56,510,0,Mobile,Books,0
10387,63.0,Male,India,2022-11-26,2024-07-31,11,123891.81000000001,11262.89,427,0,Mobile,Home,0
10388,48.0,Male,India,2021-03-08,2022-12-29,6,8435.27,1405.88,1007,0,Desktop,Sports,0
10389,52.0,,India,2025-05-07,2025-07-28,9,17917.71,1990.86,65,1,Mobile,Sports,0
10390,50.0,Female,India,2024-12-29,2025-04-17,5,2492.55,498.51,167,0,Mobile,Grocery,0
10391,69.0,Female,India,2025-02-12,2025-08-09,7,,1758.87,53,0,Mobile,Sports,0
10392,38.0,Female,India,2024-10-01,2025-07-02,3,3563.71,1187.9,91,0,Desktop,Books,0
10393,49.0,Male,USA,2022-04-29,2023-02-06,5,6149.63,1229.93,968,1,Mobile,Fashion,0
10394,40.0,Female,USA,2021-03-02,2023-11-06,3,2987.47,995.82,695,0,Mobile,Books,0
10395,50.0,Male,USA,2024-07-23,2025-01-11,3,2126.63,708.88,263,0,Mobile,,0
10396,20.0,Female,India,2024-08-29,2025-07-21,4,5050.58,1262.64,72,1,Mobile,Sports,0
10397,35.0,Female,USA,2022-05-16,2025-05-06,5,0.0,0.0,148,0,Mobile,Sports,0
10398,42.0,Female,India,2021-11-17,2024-11-17,9,0.0,0.0,318,1,Desktop,Grocery,0
10399,59.0,Female,India,2024-05-21,2025-01-26,5,4500.35,900.07,248,0,Mobile,Fashion,0
10400,48.0,Female,Canada,2024-04-10,2025-04-19,9,7073.01,785.89,165,0,Mobile,Sports,0
10401,20.0,,India,2024-03-18,2025-08-07,4,4971.38,1242.84,55,0,Mobile,Grocery,0
10402,57.0,Male,USA,2021-08-09,2023-10-04,11,14518.5,1319.86,728,1,Mobile,Grocery,0
10403,63.0,Male,USA,2024-07-17,2025-09-20,6,13715.6,2285.93,11,1,Mobile,Fashion,0
10404,41.0,Male,India,2022-03-27,2025-01-01,4,2331.5,582.88,273,0,Tablet,Books,0
10405,67.0,Male,India,2023-08-21,2024-09-21,5,2979.68,595.94,375,0,Desktop,Books,0
10406,,Female,India,2024-10-17,2025-02-13,4,4813.85,1203.46,230,1,Desktop,Books,0
10407,64.0,Female,Canada,2021-12-26,2024-07-16,4,7385.92,1846.48,442,0,Desktop,Home,0
10408,39.0,Male,India,2024-04-30,2025-07-10,11,12251.57,1113.78,83,1,Mobile,Books,0
10409,40.0,Male,India,2022-01-27,2023-12-03,7,3168.61,452.66,668,0,Mobile,Fashion,0
10410,19.0,Male,India,2025-05-17,2025-06-15,9,13056.37,1450.71,108,1,Mobile,Home,0
10411,44.0,Female,USA,2021-06-11,2022-03-02,7,7187.13,1026.73,1309,0,Mobile,Books,0
10412,59.0,Female,India,2021-03-30,2022-02-12,4,4358.57,1089.64,1327,0,Mobile,Home,0
10413,19.0,Male,India,2023-01-14,2024-11-16,4,7265.68,1816.42,319,0,Mobile,Fashion,0
10414,43.0,Female,USA,2024-09-29,2025-08-02,8,5546.1,693.26,60,1,Mobile,Books,0
10415,34.0,Female,Australia,2022-05-07,2022-08-03,3,5582.85,1860.95,1155,0,Desktop,Electronics,0
10416,57.0,Male,India,2022-01-10,2025-05-20,11,9008.84,818.99,134,0,Desktop,Sports,0
10417,50.0,Female,India,2022-05-04,2024-08-01,5,8352.92,1670.58,426,0,Desktop,Fashion,0
10418,26.0,Female,India,2021-03-05,2023-11-30,6,4340.06,723.34,671,0,Mobile,Grocery,0
10419,60.0,Male,USA,2020-11-05,2021-10-04,7,9487.68,1355.38,1458,1,,Grocery,0
10420,65.0,Male,India,2024-10-07,2025-05-16,5,10556.88,2111.38,138,1,Mobile,Fashion,0
10421,56.0,,India,2023-03-26,2023-05-05,9,8871.94,985.77,880,0,Mobile,Grocery,0
10422,46.0,Male,Germany,2024-11-07,2025-05-21,4,7994.67,1998.67,133,1,Mobile,Fashion,0
10423,59.0,Female,,2023-02-13,2023-04-21,2,1995.93,997.96,894,1,Mobile,Electronics,1
10424,43.0,Female,,2024-06-26,2025-03-16,5,6550.46,1310.09,199,1,Mobile,Fashion,0
10425,52.0,Male,Canada,2023-03-01,2024-07-26,12,23523.91,1960.33,432,0,Mobile,Books,0
10426,67.0,Male,USA,2023-02-12,2025-07-03,6,4194.04,699.01,90,1,Mobile,Books,0
10427,42.0,,India,2021-05-31,2024-07-24,4,1297.86,324.46,434,0,Mobile,Home,0
10428,41.0,Male,India,2021-11-26,2025-05-27,5,7567.51,1513.5,127,0,Mobile,Grocery,0
10429,30.0,Female,Australia,2023-06-19,2025-05-13,6,5592.81,932.14,141,1,Mobile,Sports,0
10430,24.0,Male,India,2021-05-02,2024-03-06,6,10088.61,1681.44,574,0,Mobile,Grocery,0
10431,53.0,Male,India,2021-04-05,2022-07-25,8,6480.9,810.11,1164,0,Mobile,Fashion,0
10432,62.0,Male,India,2025-04-16,2025-06-16,8,4359.99,545.0,107,1,Mobile,Sports,0
10433,37.0,Female,USA,2025-02-27,2025-06-19,7,12187.45,1741.06,104,1,Desktop,Sports,0
10434,18.0,Male,India,2024-09-19,2025-02-23,8,12212.1,1526.51,220,0,Desktop,Grocery,0
10435,25.0,Female,India,2025-06-05,2025-06-16,1,3632.68,3632.68,107,1,Mobile,Sports,0
10436,63.0,Male,India,2025-03-26,2025-04-29,10,15964.76,1596.48,155,0,Mobile,Sports,0
10437,33.0,Female,India,2023-08-27,2025-03-24,5,9463.62,1892.72,191,0,,Books,0
10438,31.0,Female,USA,2024-09-27,2024-11-15,10,8718.07,871.81,320,1,,Electronics,0
10439,29.0,Male,UK,2020-10-26,2024-11-26,2,7097.44,3548.72,309,0,Mobile,Fashion,1
10440,68.0,Male,India,2025-05-06,2025-07-13,5,1816.88,363.38,80,0,Mobile,Grocery,0
10441,,Female,India,2021-02-05,2024-09-24,9,9359.85,1039.98,372,0,Mobile,Books,0
10442,32.0,Female,UK,2023-12-20,2024-09-20,3,5478.65,1826.22,376,0,Mobile,Home,0
10443,45.0,Male,India,2021-08-12,2024-05-20,5,3764.89,752.98,499,0,Desktop,Sports,0
10444,51.0,Female,India,2023-08-24,2024-03-11,3,340.45,113.48,569,1,Mobile,Sports,0
10445,19.0,Female,,2024-09-23,2025-08-12,5,4784.66,956.93,50,1,Desktop,Grocery,0
10446,49.0,Female,,2023-08-13,2023-09-16,5,4602.29,920.46,746,0,Mobile,Electronics,0
10447,40.0,Male,,2021-01-19,2023-09-22,6,11646.26,1941.04,740,1,Mobile,Electronics,0
10448,39.0,Female,India,2025-04-25,2025-06-28,8,,1271.2,95,0,Tablet,Grocery,0
10449,68.0,Male,India,2024-10-16,2024-10-23,3,3032.99,1011.0,343,0,Tablet,Grocery,0
10450,42.0,Female,India,2022-02-28,2023-02-05,9,2228.1,247.57,969,1,Mobile,Books,0
10451,39.0,Male,India,2022-02-28,2023-01-25,8,9472.04,1184.01,980,0,Mobile,Grocery,0
10452,39.0,Male,India,2023-04-24,2024-07-04,6,11004.3,1834.05,454,0,Mobile,Home,0
10453,66.0,Male,India,2022-05-01,2022-10-21,5,1702.76,340.55,1076,0,Mobile,Books,0
10454,69.0,Female,Australia,2024-04-27,2024-05-22,7,8197.01,1171.0,497,0,,Sports,0
10455,59.0,Male,UK,2024-04-28,2025-06-07,8,6518.31,814.79,116,1,Tablet,Sports,0
10456,23.0,,India,2023-08-11,2024-03-29,5,4783.26,956.65,551,0,Mobile,Sports,0
10457,32.0,Male,India,2025-01-02,2025-01-22,4,3560.1,890.02,252,0,Mobile,Sports,0
10458,60.0,Female,UK,2023-03-11,2025-06-06,8,8912.64,1114.08,117,0,Mobile,Fashion,0
10459,54.0,Other,India,2021-11-06,2023-03-25,2,3509.73,1754.86,921,0,Mobile,Home,1
10460,50.0,Male,India,2025-04-02,2025-09-05,7,8891.96,1270.28,26,0,Desktop,Books,0
10461,25.0,Female,Australia,2021-02-16,2021-08-13,8,10985.16,1373.14,1510,0,Desktop,Books,0
10462,61.0,Female,India,2024-06-01,2024-10-10,9,,633.91,356,1,Mobile,Sports,0
10463,61.0,Female,USA,2023-06-09,2025-09-08,7,11858.22,1694.03,23,1,Mobile,Electronics,0
10464,22.0,Male,Australia,2025-05-31,2025-08-09,6,4721.82,786.97,53,0,,Books,0
10465,56.0,Male,India,2023-01-21,2024-01-03,5,,2107.27,637,0,Mobile,Home,0
10466,21.0,Male,India,2021-03-27,2022-09-17,6,8523.23,1420.54,1110,0,,Grocery,0
10467,23.0,Male,India,2023-08-04,2025-09-13,6,10799.33,1799.89,18,1,Mobile,Home,0
10468,62.0,Male,,2024-08-14,2025-09-23,8,6311.38,788.92,8,1,Mobile,Sports,0
10469,49.0,Female,Canada,2020-12-18,2021-03-03,5,5181.36,1036.27,1673,0,Mobile,Sports,0
10470,69.0,Male,Germany,2022-06-24,2024-01-23,6,7743.9,1290.65,617,1,Desktop,Fashion,0
10471,47.0,Male,India,2022-02-28,2024-06-30,2,4246.49,2123.24,458,0,Mobile,Books,1
10472,64.0,Female,Germany,2021-10-04,2022-04-15,3,4045.91,1348.64,1265,0,Desktop,Books,0
10473,52.0,Male,Canada,2023-11-16,2024-04-25,6,6956.78,1159.46,524,0,Desktop,Books,0
10474,57.0,Female,USA,2025-06-11,2025-09-09,7,4537.79,648.26,22,0,Desktop,Sports,0
10475,69.0,Female,Australia,2023-04-28,2024-04-22,6,11389.82,1898.3,527,0,Mobile,Books,0
10476,33.0,Male,Canada,2025-06-02,2025-06-02,9,12549.76,1394.42,121,0,,Electronics,0
10477,30.0,Female,USA,2021-06-17,2024-07-01,5,6038.96,1207.79,457,0,Mobile,Electronics,0
10478,67.0,Female,USA,2022-05-05,2022-12-04,6,10775.31,1795.88,1032,0,,Grocery,0
10479,59.0,Female,India,2021-03-22,2022-10-15,6,5563.89,927.32,1082,0,Mobile,Books,0
10480,47.0,Female,India,2025-08-24,2025-09-04,8,13086.93,1635.87,27,0,Mobile,Fashion,0
10481,36.0,Female,USA,2024-05-23,2025-02-08,6,,338.41,235,0,,Grocery,0
10482,34.0,Female,India,2023-08-14,2025-08-12,8,6585.78,823.22,50,0,Desktop,Sports,0
10483,36.0,Male,Canada,2022-04-24,2023-01-31,3,3053.62,1017.87,974,0,Mobile,,0
10484,45.0,Male,Australia,2023-03-04,2024-12-10,5,8906.88,1781.38,295,0,Mobile,Electronics,0
10485,43.0,,,2021-07-01,2025-07-30,6,8642.86,1440.48,63,0,Desktop,Fashion,0
10486,54.0,Female,India,2025-05-06,2025-09-06,5,2647.36,529.47,25,0,Desktop,Grocery,0
10487,43.0,Male,India,2021-11-11,2022-11-07,12,21328.28,1777.36,1059,0,Desktop,Fashion,0
10488,40.0,Female,India,2022-12-15,2024-03-07,10,16955.06,1695.51,573,0,Desktop,Books,0
10489,26.0,Female,USA,2023-12-11,2025-02-23,6,2078.46,346.41,220,1,Desktop,Home,0
10490,29.0,,Germany,2021-03-15,2021-06-15,4,2621.94,655.48,1569,0,Mobile,Fashion,0
10491,18.0,Other,Australia,2024-12-04,2025-03-22,7,8580.24,1225.75,193,0,Mobile,Fashion,0
10492,18.0,Female,India,2021-12-18,2024-01-09,5,873.41,174.68,631,0,Mobile,Sports,0
10493,64.0,Female,Canada,2025-02-06,2025-05-15,9,10086.76,1120.75,139,0,Mobile,Electronics,0
10494,51.0,Male,Canada,2023-12-25,2025-02-20,5,8176.04,1635.21,223,0,Mobile,Books,0
10495,49.0,Female,India,2023-12-09,2024-04-28,8,,1052.4,521,0,Mobile,Fashion,0
10496,65.0,Male,Canada,2025-02-08,2025-03-14,4,,1068.84,201,0,Mobile,Books,0
10497,42.0,Male,India,2020-12-07,2024-12-01,7,12238.03,1748.29,304,1,Mobile,Electronics,0
10498,57.0,Female,India,2025-03-13,2025-06-04,11,95740.40000000001,8703.67,119,0,Mobile,Sports,0
10499,62.0,Female,USA,2025-01-19,2025-03-15,3,2229.94,743.31,200,0,Desktop,Books,0
10500,18.0,Male,India,2024-02-12,2024-03-31,6,9375.2,1562.53,549,0,Mobile,Electronics,0
10501,33.0,Female,USA,2023-12-10,2024-10-06,6,1753.32,292.22,360,1,Desktop,Electronics,0
10502,56.0,Female,USA,2025-02-09,2025-06-01,4,4236.0,1059.0,122,1,,Grocery,0
10503,22.0,Female,USA,2022-01-02,2025-04-29,7,16352.16,2336.02,155,0,,Sports,0
10504,39.0,Female,India,2024-04-16,2024-08-29,8,,854.8,398,1,Desktop,Sports,0
10505,46.0,Female,India,2023-05-26,2024-11-30,9,7737.69,859.74,305,0,Mobile,Books,0
10506,20.0,Other,,2020-10-07,2021-11-14,7,30003.659999999996,4286.24,1417,1,Mobile,Home,0
10507,29.0,Female,India,2020-10-23,2023-04-02,6,6081.81,1013.64,913,1,Mobile,Grocery,0
10508,43.0,Female,India,2021-09-03,2024-01-15,7,11379.79,1625.68,625,0,Tablet,,0
10509,33.0,Other,India,2023-08-24,2025-04-16,6,7358.65,1226.44,168,1,Desktop,Electronics,0
10510,68.0,Female,USA,2024-04-09,2025-03-15,5,1992.88,398.58,200,0,Desktop,Sports,0
10511,54.0,Male,India,2025-03-03,2025-08-26,6,11601.63,1933.6,36,0,,Home,0
10512,39.0,Male,USA,2024-06-26,2025-01-03,7,16271.64,2324.52,271,0,Mobile,Fashion,0
10513,46.0,Male,Germany,2024-07-23,2025-06-05,4,5733.97,1433.49,118,1,Desktop,Fashion,0
10514,31.0,Male,India,2024-12-23,2025-04-07,1,568.96,568.96,177,0,Mobile,Sports,0
10515,45.0,Female,India,2021-05-30,2025-03-16,6,9415.85,1569.31,199,0,Mobile,Sports,0
10516,22.0,Female,Australia,2021-04-15,2022-05-01,10,8368.05,836.8,1249,1,Mobile,Grocery,0
10517,64.0,Female,,2021-09-06,2022-04-26,8,5218.8,652.35,1254,0,Desktop,Sports,0
10518,66.0,Male,Canada,2021-11-01,2025-07-30,4,2836.75,709.19,63,0,Mobile,Home,0
10519,47.0,Female,Germany,2025-07-06,2025-08-11,3,4403.36,1467.79,51,0,Mobile,Sports,0
10520,63.0,Female,India,2022-10-30,2025-01-23,1,2426.43,2426.43,251,0,Mobile,Books,1
10521,69.0,Female,India,2024-06-28,2024-08-07,5,8272.85,1654.57,420,0,Desktop,Home,0
10522,22.0,Female,India,2024-12-28,2025-01-13,6,3830.61,638.44,261,0,Mobile,,0
10523,29.0,Female,India,2021-01-29,2023-06-03,5,5379.85,1075.97,851,1,Mobile,Books,0
10524,33.0,Male,India,2024-08-07,2025-05-10,8,8424.95,1053.12,144,1,Mobile,Books,0
10525,43.0,Female,India,2021-01-11,2023-04-09,5,1007.08,201.42,906,0,Desktop,Fashion,0
10526,43.0,Male,India,2021-12-25,2022-06-25,5,1554.85,310.97,1194,0,Tablet,Home,0
10527,65.0,Male,UK,2023-11-06,2023-12-16,5,4440.77,888.15,655,0,Desktop,Books,0
10528,38.0,Female,UK,2024-05-05,2025-06-05,6,10520.19,1753.36,118,0,Mobile,Grocery,0
10529,56.0,Male,India,2023-10-30,2025-03-06,6,,741.36,209,0,Desktop,,0
10530,53.0,Female,Canada,2021-03-23,2023-09-15,9,6712.66,745.85,747,0,Mobile,Books,0
10531,50.0,Male,India,2025-09-13,2025-09-25,8,6668.74,833.59,6,1,,Home,0
10532,47.0,Female,Canada,2025-09-09,2025-09-22,6,7137.93,1189.66,9,0,Mobile,Fashion,0
10533,54.0,,India,2024-08-15,2024-09-28,3,5652.05,1884.02,368,0,Mobile,Home,0
10534,40.0,Other,Australia,2022-11-13,2022-11-13,7,13882.38,1983.2,1053,1,,Home,0
10535,27.0,Female,USA,2025-06-16,2025-07-25,5,5717.6,1143.52,68,0,Mobile,Home,0
10536,22.0,Male,India,2021-12-11,2021-12-29,6,8006.32,1334.39,1372,0,Mobile,Fashion,0
10537,53.0,Female,India,2022-03-07,2023-10-11,7,6877.15,982.45,721,0,Mobile,Books,0
10538,,Other,,2022-08-07,2023-11-05,3,4258.62,1419.54,696,0,Mobile,Sports,0
10539,69.0,Male,India,2022-04-28,2024-12-09,11,18266.81,1660.62,296,1,Mobile,Electronics,0
10540,48.0,Male,India,2022-08-24,2025-09-29,1,21.19,21.19,2,0,Mobile,Books,0
10541,27.0,Female,USA,2025-05-19,2025-05-30,7,9180.59,1311.51,124,1,Mobile,Fashion,0
10542,36.0,Female,India,2024-10-05,2025-06-01,3,1946.07,648.69,122,1,Mobile,Electronics,0
10543,,Female,UK,2022-06-10,2024-02-01,7,9649.56,1378.51,608,1,Mobile,Electronics,0
10544,18.0,Female,,2021-02-25,2021-06-07,9,9316.88,1035.21,1577,1,Desktop,Electronics,0
10545,22.0,Male,India,2021-05-08,2024-01-20,2,1618.48,809.24,620,0,Mobile,Sports,1
10546,62.0,Male,USA,2025-05-26,2025-09-24,6,7051.0,1175.17,7,0,Desktop,Grocery,0
10547,21.0,Female,India,2022-03-27,2023-08-28,5,11063.35,2212.67,765,0,Desktop,Fashion,0
10548,33.0,Male,UK,2024-05-05,2024-10-04,3,,1724.45,362,0,Desktop,Sports,0
10549,41.0,Male,India,2024-07-10,2025-06-21,6,6982.8,1163.8,102,1,Mobile,Sports,0
10550,33.0,Female,Australia,2022-08-31,2023-02-20,4,9639.12,2409.78,954,0,Mobile,Grocery,0
10551,,Female,Canada,2021-08-17,2025-05-14,6,10648.67,1774.78,140,1,Tablet,Electronics,0
10552,66.0,Female,India,2022-05-03,2025-01-31,7,9030.96,1290.14,243,1,Mobile,Grocery,0
10553,45.0,Female,India,2023-05-12,2024-07-15,7,3323.97,474.85,443,1,Mobile,Grocery,0
10554,49.0,Female,Canada,2021-08-09,2023-08-05,3,4646.32,1548.77,788,1,Mobile,Sports,0
10555,44.0,Female,Germany,2024-06-16,2024-12-09,6,5408.13,901.36,296,0,Mobile,Fashion,0
10556,37.0,Female,India,2022-12-03,2025-03-31,5,4512.97,902.59,184,0,Tablet,Home,0
10557,41.0,Male,India,2021-11-03,2025-07-12,8,10913.32,1364.16,81,0,Mobile,Grocery,0
10558,29.0,Male,Germany,2024-12-04,2025-05-13,11,13394.74,1217.7,141,0,Mobile,Grocery,0
10559,67.0,Female,India,2025-02-13,2025-06-19,5,7022.21,1404.44,104,0,Mobile,Electronics,0
10560,52.0,,,2020-12-12,2022-02-04,2,366.7,183.35,1335,1,Mobile,Electronics,1
10561,50.0,Male,India,2023-03-24,2024-11-06,7,6907.92,986.85,329,1,Mobile,Sports,0
10562,50.0,Male,India,2022-10-08,2024-02-04,8,12667.96,1583.5,605,0,,Electronics,0
10563,68.0,Male,Germany,2023-03-10,2024-12-27,5,3434.74,686.95,278,0,Desktop,Books,0
10564,60.0,Male,India,2025-06-12,2025-09-30,9,14475.82,1608.42,1,0,Mobile,Grocery,0
10565,54.0,Female,India,2022-11-30,2024-01-15,8,7607.87,950.98,625,0,Desktop,Electronics,0
10566,29.0,Male,India,2021-11-15,2024-06-07,6,7043.32,1173.89,481,0,Mobile,Fashion,0
10567,20.0,Female,India,2024-05-20,2024-08-11,7,2865.34,409.33,416,0,Mobile,Books,0
10568,18.0,Female,USA,2023-03-15,2023-07-05,7,,928.32,819,0,Mobile,Sports,0
10569,50.0,Female,India,2024-02-12,2025-01-08,5,6673.89,1334.78,266,0,Mobile,Home,0
10570,57.0,Female,USA,2025-02-10,2025-06-11,4,4333.89,1083.47,112,0,Desktop,Grocery,0
10571,27.0,,Germany,2024-02-08,2024-03-19,6,5687.66,947.94,561,0,Desktop,Grocery,0
10572,60.0,,USA,2024-11-22,2025-08-06,7,3535.42,505.06,56,0,Mobile,Fashion,0
10573,61.0,Male,India,2024-03-15,2024-06-27,4,19507.39,4876.85,461,0,Mobile,Home,0
10574,46.0,Male,India,2022-12-01,2023-06-20,6,3348.13,558.02,834,0,Desktop,Home,0
10575,30.0,Female,Canada,2025-03-07,2025-09-16,5,7688.99,1537.8,15,1,Mobile,Sports,0
10576,29.0,Male,Germany,2022-11-29,2025-05-26,7,10386.08,1483.73,128,0,Mobile,Sports,0
10577,48.0,Male,USA,2021-03-20,2021-10-15,8,6916.94,864.62,1447,0,Tablet,Books,0
10578,63.0,Female,India,2021-10-21,2023-05-06,3,1531.79,510.6,879,1,Mobile,,0
10579,19.0,Male,India,2021-10-02,2024-11-16,6,6003.29,1000.55,319,0,Tablet,Electronics,0
10580,68.0,Female,UK,2021-12-01,2023-11-13,10,12846.79,1284.68,688,1,Mobile,Sports,0
10581,67.0,,Canada,2022-11-23,2025-01-01,5,9614.64,1922.93,273,0,Desktop,Fashion,0
10582,52.0,Female,UK,2024-02-23,2024-05-16,5,6481.97,1296.39,503,0,Mobile,Fashion,0
10583,40.0,Female,Germany,2020-11-18,2022-02-14,7,12453.89,1779.13,1325,0,Mobile,Fashion,0
10584,34.0,Female,Germany,2020-12-08,2022-10-05,6,11950.87,1991.81,1092,0,Mobile,Sports,0
10585,43.0,Female,India,2022-12-22,2024-09-10,8,4215.83,526.98,386,0,Mobile,Sports,0
10586,25.0,Male,,2022-10-04,2023-10-25,3,1359.34,453.11,707,0,Mobile,Fashion,0
10587,46.0,Female,India,2022-05-16,2023-03-07,5,10352.94,2070.59,939,0,Mobile,Sports,0
10588,43.0,Male,India,2022-09-03,2023-05-18,9,14786.51,1642.95,867,0,Mobile,Electronics,0
10589,27.0,Female,Canada,2023-11-04,2024-01-23,6,9872.09,1645.35,617,0,Desktop,Electronics,0
10590,43.0,Male,India,2025-05-23,2025-06-03,11,12060.45,1096.4,120,0,Mobile,Books,0
10591,51.0,Female,India,2021-03-30,2022-05-22,5,8464.91,1692.98,1228,0,Mobile,Grocery,0
10592,,Male,India,2021-11-27,2022-07-19,7,11537.56,1648.22,1170,0,Mobile,Electronics,0
10593,58.0,Female,India,2022-08-03,2025-04-14,5,4135.71,827.14,170,0,Mobile,Books,0
10594,24.0,Female,India,2022-11-23,2024-06-18,4,2614.56,653.64,470,1,Mobile,Home,0
10595,,Female,India,2024-04-14,2024-06-01,1,0.0,0.0,487,0,Mobile,Grocery,1
10596,67.0,Male,USA,2022-12-23,2023-04-28,10,12831.97,1283.2,887,0,Desktop,Electronics,0
10597,62.0,Female,India,2025-02-17,2025-09-27,7,2587.58,369.65,4,0,Mobile,Home,0
10598,28.0,Male,USA,2022-07-12,2025-01-17,2,2482.97,1241.48,257,0,,Books,1
10599,46.0,Male,India,2020-12-01,2024-06-25,6,2176.22,362.7,463,1,Desktop,Electronics,0
10600,53.0,,India,2021-08-31,2025-08-01,6,5126.52,854.42,61,0,Desktop,Electronics,0
10358,25.0,Female,India,2023-09-04,2025-06-18,7,,0.0,105,1,Mobile,Electronics,0
10117,50.0,Male,USA,2024-05-11,2024-11-08,4,3640.07,910.02,327,0,Mobile,Electronics,0
10599,46.0,Male,India,2020-12-01,2024-06-25,6,2176.22,362.7,463,1,Desktop,Electronics,0
10442,32.0,Female,UK,2023-12-20,2024-09-20,3,5478.65,1826.22,376,0,Mobile,Home,0
10555,44.0,Female,Germany,2024-06-16,2024-12-09,6,5408.13,901.36,296,0,Mobile,Fashion,0
